{"cameraMode":{"drawMode":0,"name":"Shaded","section":"Shading Mode"},"sceneLighting":false,"audioPlay":false,"sceneViewState":{"m_AlwaysRefresh":false,"showFog":true,"showSkybox":false,"showFlares":true,"showImageEffects":true,"showParticleSystems":true,"showVisualEffectGraphs":true,"m_FxEnabled":true},"in2DMode":false,"pivot":{"x":-0.5423208475112915,"y":-0.3663281202316284,"z":0.015993312001228334},"rotation":{"x":-0.2506113350391388,"y":-0.6635817289352417,"z":0.2527397572994232,"w":-0.6580405831336975},"size":1.0342490673065186,"orthographic":false}