{"cameraMode":{"drawMode":0,"name":"Shaded","section":"Shading Mode"},"sceneLighting":false,"audioPlay":false,"sceneViewState":{"m_AlwaysRefresh":false,"showFog":true,"showSkybox":false,"showFlares":true,"showImageEffects":true,"showParticleSystems":true,"showVisualEffectGraphs":true,"m_FxEnabled":true},"in2DMode":false,"pivot":{"x":-0.19016753137111665,"y":0.27611005306243899,"z":1.8830121755599976},"rotation":{"x":-0.05200306698679924,"y":0.902714729309082,"z":-0.4116142690181732,"w":-0.11407656967639923},"size":1.2662912607192994,"orthographic":false}